{"layout":"col-2cl","body_boxed":"no","body_max_width":"1230","main_full_width":"no","main_space":{"top":"70","bottom":"30"},"google_rich_snippets":"no","backtotop_btn":"no","favicon":"157","favicon_iphone":"157","favicon_ipad":"157","logo":"160","logo_2x":"161","logo_transparency":"158","logo_transparency_2x":"159","logo_mobile":"160","logo_mobile_2x":"161","body_background":{"image":"","repeat":"repeat","position":"left top","attachment":"","size":"","color":""},"body_boxed_background":{"image":"","repeat":"repeat","position":"left top","attachment":"","size":"","color":""},"text_color":"#b8b8b8","heading_color":"#272727","primary_color":"#ffc000","secondary_color":"#272727","three_color":"#b8b8b8","border_color":"#ebebeb","page_loading_animation":"on","page_loading_style":"2","page_loading_custom":"","body_font_size":"12px","font_source":"1","main_font":{"family":"Montserrat","variant":["regular"],"font":"google"},"secondary_font":{"family":"Montserrat","variant":["regular","700"],"font":"google"},"highlight_font":{"family":"Playfair Display","variant":["regular","italic"],"font":"google"},"font_google_code":"","main_google_font_face":"","secondary_google_font_face":"","highlight_google_font_face":"","font_typekit_kit_id":"","main_typekit_font_face":"","secondary_typekit_font_face":"","highlight_typekit_font_face":"","heading_custom_font":"no","h1_font":{"family":"Roboto Condensed","variant":"regular","font":"google","fz_res":{"lg":"","md":"","sm":"","xs":"","mb":""},"lh_res":{"lg":"","md":"","sm":"","xs":"","mb":""}},"h2_font":{"family":"Roboto Condensed","variant":"regular","font":"google","fz_res":{"lg":"","md":"","sm":"","xs":"","mb":""},"lh_res":{"lg":"","md":"","sm":"","xs":"","mb":""}},"h3_font":{"family":"Roboto Condensed","variant":"regular","font":"google","fz_res":{"lg":"","md":"","sm":"","xs":"","mb":""},"lh_res":{"lg":"","md":"","sm":"","xs":"","mb":""}},"h4_font":{"family":"Roboto Condensed","variant":"regular","font":"google","fz_res":{"lg":"","md":"","sm":"","xs":"","mb":""},"lh_res":{"lg":"","md":"","sm":"","xs":"","mb":""}},"h5_font":{"family":"Roboto Condensed","variant":"regular","font":"google","fz_res":{"lg":"","md":"","sm":"","xs":"","mb":""},"lh_res":{"lg":"","md":"","sm":"","xs":"","mb":""}},"h6_font":{"family":"Roboto Condensed","variant":"regular","font":"google","fz_res":{"lg":"","md":"","sm":"","xs":"","mb":""},"lh_res":{"lg":"","md":"","sm":"","xs":"","mb":""}},"header_layout":2,"header_full_width":"no","header_transparency":"no","header_show_cart":"yes","header_show_search":"yes","header_show_wishlist":"yes","enable_header_top":"yes","header_top_menu_language":"15","header_top_menu_access":"16","header_top_social":"yes","use_custom_header_top":"","header_background":{"image":"","repeat":"repeat","position":"left top","attachment":"","size":"","color":"#fff"},"header_text_color":"#272727","header_link_color":"#272727","header_link_hover_color":"#ffc000","mm_lv_1_color":"#272727","mm_lv_1_bg_color":"rgba(0,0,0,0)","mm_lv_1_hover_color":"#ffc000","mm_lv_1_hover_bg_color":"rgba(0,0,0,0)","header_top_background_color":"rgba(0,0,0,0)","header_top_text_color":"#272727","header_top_link_color":"#272727","header_top_link_hover_color":"#ffc000","transparency_header_background":{"image":"","repeat":"repeat","position":"left top","attachment":"","size":"","color":"rgba(0,0,0,0)"},"transparency_header_text_color":"#fff","transparency_header_link_color":"#fff","transparency_header_link_hover_color":"#ffc000","transparency_mm_lv_1_color":"#fff","transparency_mm_lv_1_bg_color":"rgba(0,0,0,0)","transparency_mm_lv_1_hover_color":"#ffc000","transparency_mm_lv_1_hover_bg_color":"rgba(0,0,0,0)","transparency_header_top_background_color":"rgba(0,0,0,0)","transparency_header_top_text_color":"#ffffff","transparency_header_top_link_color":"#ffffff","transparency_header_top_link_hover_color":"#ffc000","offcanvas_background":"#fff","offcanvas_text_color":"#272727","offcanvas_heading_color":"#272727","offcanvas_link_color":"#272727","offcanvas_link_hover_color":"#ffc000","mm_dropdown_bg":"#272727","mm_dropdown_link_color":"#858585","mm_dropdown_link_bg":"rgba(0,0,0,0)","mm_dropdown_link_hover_color":"#ffffff","mm_dropdown_link_hover_bg":"rgba(0,0,0,0)","mm_wide_dropdown_bg":"#272727","mm_wide_dropdown_heading_color":"#ffffff","mm_wide_dropdown_link_color":"#858585","mm_wide_dropdown_link_bg":"rgba(0,0,0,0)","mm_wide_dropdown_link_hover_color":"#ffffff","mm_wide_dropdown_link_hover_bg":"rgba(0,0,0,0)","header_mb_background":"#fff","header_mb_text_color":"#b8b8b8","mb_background":"#fff","mb_lv_1_color":"#272727","mb_lv_1_bg_color":"rgba(0,0,0,0)","mb_lv_1_hover_color":"#ffc000","mb_lv_1_hover_bg_color":"rgba(0,0,0,0)","mb_lv_2_color":"#272727","mb_lv_2_bg_color":"rgba(0,0,0,0)","mb_lv_2_hover_color":"#fff","mb_lv_2_hover_bg_color":"#ffc000","page_title_bar_layout":"1","page_title_bar_background":{"image":"","repeat":"repeat","position":"left top","attachment":"","size":"","color":""},"page_title_bar_heading_color":"#272727","page_title_bar_text_color":"#b8b8b8","page_title_bar_link_color":"#b8b8b8","page_title_bar_link_hover_color":"#ffc000","page_title_bar_spacing":{"top":"35","bottom":"35"},"page_title_bar_spacing_tablet":{"top":"25","bottom":"25"},"page_title_bar_spacing_mobile":{"top":"25","bottom":"25"},"woo_override_page_title_bar":"off","woo_page_title_bar_layout":"1","woo_page_title_bar_background":{"image":"","repeat":"repeat","position":"left top","attachment":"","size":"","color":""},"woo_page_title_bar_heading_color":"","woo_page_title_bar_text_color":"#9d9d9d","woo_page_title_bar_link_color":"#9d9d9d","woo_page_title_bar_link_hover_color":"#35d56a","woo_page_title_bar_spacing":{"top":"40","bottom":"40"},"woo_page_title_bar_spacing_tablet":{"top":"25","bottom":"25"},"woo_page_title_bar_spacing_mobile":{"top":"25","bottom":"25"},"footer_layout":"4col123333","footer_full_width":"no","enable_footer_copyright":"yes","footer_copyright":"<div class=\"text-center text-uppercase\">\u00a9 2017 <a href=\"https:\/\/themeforest.net\/user\/la-studio\/portfolio?ref=LA-Studio\">WORDPRESS THEME<\/a>. All Rights Reserved. Powered By <a href=\"https:\/\/themeforest.net\/user\/la-studio\/portfolio?ref=LA-Studio\">LA STUDIO<\/a><\/div>","footer_background":{"image":"","repeat":"repeat","position":"left top","attachment":"","size":"","color":"#272727"},"footer_text_color":"#616161","footer_heading_color":"#ffffff","footer_link_color":"#616161","footer_link_hover_color":"#ffc000","footer_copyright_background_color":"#272727","footer_copyright_text_color":"#7b7b7b","footer_copyright_link_color":"#ffc000","footer_copyright_link_hover_color":"#fff","layout_blog":"col-2cl","blog_small_layout":"off","page_title_bar_layout_blog":"inherit","blog_design":"grid_4","blog_post_column":{"xlg":"1","lg":"1","md":"1","sm":"1","xs":"1","mb":"1"},"featured_images_blog":"on","blog_thumbnail_size2":"full","blog_thumbnail_size":"870x370","format_content_blog":"off","blog_content_display":"excerpt","blog_excerpt_length":"100","blog_masonry":"off","blog_pagination_type":"pagination","layout_single_post":"col-1c","single_small_layout":"off","page_title_bar_layout_single":"off","featured_images_single":"on","blog_pn_nav":"on","blog_post_title":"below","blog_author_info":"on","blog_social_sharing_box":"on","blog_related_posts":"on","blog_related_design":"1","blog_related_by":"category","blog_related_max_post":"2","blog_comments":"on","layout_archive_product":"col-1c","catalog_mode":"off","catalog_mode_price":"off","shop_catalog_display_type":"grid","shop_catalog_grid_style":"1","woocommerce_shop_page_columns":{"xlg":"4","lg":"4","md":"3","sm":"2","xs":"2","mb":"1"},"product_per_page_allow":"12,15,30","product_per_page_default":"12","woocommerce_enable_crossfade_effect":"on","woocommerce_toggle_grid_list":"on","woocommerce_show_rating_on_catalog":"on","woocommerce_show_quickview_btn":"on","woocommerce_show_wishlist_btn":"on","woocommerce_show_compare_btn":"on","layout_single_product":"col-1c","woocommerce_product_page_design":"2","product_sharing":"on","related_products":"on","related_products_columns":{"xlg":"4","lg":"4","md":"3","sm":"2","xs":"2","mb":"1"},"upsell_products":"on","upsell_products_columns":{"xlg":"4","lg":"4","md":"3","sm":"2","xs":"2","mb":"1"},"crosssell_products":"on","crosssell_products_columns":{"xlg":"4","lg":"4","md":"3","sm":"2","xs":"1","mb":"1"},"layout_archive_portfolio":"col-1c","main_full_width_archive_portfolio":"inherit","main_space_archive_portfolio":{"top":"","bottom":""},"portfolio_display_type":"grid","portfolio_item_space":"","portfolio_display_style":"1","portfolio_column":{"xlg":"3","lg":"3","md":"2","sm":"2","xs":"1","mb":"1"},"portfolio_per_page":"6","portfolio_thumbnail_size":"370x300","layout_single_portfolio":"col-1c","single_portfolio_design":"1","single_portfolio_nextprev":"on","social_links":{"1":{"title":"Facebook","icon":"fa fa-facebook","link":"#"},"2":{"title":"Twitter","icon":"fa fa-twitter","link":"#"},"3":{"title":"Pinterest","icon":"fa fa-pinterest-p","link":"#"}},"sharing_facebook":true,"sharing_twitter":true,"sharing_google_plus":true,"sharing_pinterest":true,"google_key":"AIzaSyCRVgKaDYPQokbMuy5fvGy-QoR44WNG7IA","instagram_token":"4056544068.d1a3d85.9d2eba44616b4f4c9ec2e4a9c6d89d27","la_custom_css":"","header_js":"","footer_js":"","popup_background":{"image":"","repeat":"repeat","position":"left top","attachment":"","size":"","color":""},"newsletter_popup_delay":"2000","show_checkbox_hide_newsletter_popup":true,"popup_dont_show_text":"Do not show popup anymore","newsletter_popup_show_again":"1","newsletter_popup_content":"","enable_maintenance":"yes","maintenance_page":"","import":"","pages_global_sidebar":"","portfolio_global_sidebar":"","portfolio_archive_global_sidebar":"","posts_global_sidebar":"","blog_archive_global_sidebar":"","sharing_reddit":"","sharing_linkedin":"","sharing_tumblr":"","sharing_vk":"","sharing_email":"","enable_newsletter_popup":"","only_show_newsletter_popup_on_home_page":"","disable_popup_on_mobile":""}