{
  "sidebar-primary": {
    "search-2": {
      "title": ""
    },
    "nav_menu-5": {
      "title": "Categories",
      "nav_menu": 128,
      "classes": ""
    },
    "recent-posts-2": {
      "title": "",
      "number": 5
    },
    "recent-comments-2": {
      "title": "",
      "number": 5
    },
    "archives-2": {
      "title": "",
      "count": 0,
      "dropdown": 0
    },
    "text-6": {
      "title": "",
      "text": "<a href=\"#\"><img src=\"http:\/\/sebian.la-studioweb.com\/wp-content\/uploads\/2017\/05\/Ad_block.jpg\" class=\"size-full\"\/><\/a>",
      "filter": false,
      "classes": ""
    },
    "text-7": {
      "title": "Custom HTML",
      "text": "Lorem ipsum dolor sit amet, consectetur adipisicing elit, sed do eiusmod tempor incididunt ut labore et dolore magna aliqua.\r\nLorem ipsum dolor sit amet, consectetur adipisicing elit, sed do eiusmod tempor incididunt ut labore et dolore magna aliqua.",
      "filter": true,
      "classes": "font-size-13 line-height-24"
    }
  },
  "sidebar-shop-filter": {
    "nav_menu-4": {
      "title": "Categories",
      "nav_menu": 128,
      "classes": ""
    },
    "woocommerce_layered_nav-2": {
      "title": "Filter by Color",
      "attribute": "color",
      "display_type": "swatches",
      "query_type": "or",
      "classes": ""
    },
    "woocommerce_layered_nav-3": {
      "title": "Filter by Size",
      "attribute": "size",
      "display_type": "list",
      "query_type": "or",
      "classes": ""
    },
    "woocommerce_price_filter-2": {
      "title": "Filter by Price",
      "classes": ""
    },
    "woocommerce_product_tag_cloud-2": {
      "title": "Product tags",
      "classes": ""
    },
    "text-4": {
      "title": "",
      "text": "<a href=\"#\"><img src=\"http:\/\/sebian.la-studioweb.com\/wp-content\/uploads\/2017\/05\/Ad_block.jpg\" class=\"size-full\"\/><\/a>",
      "filter": false,
      "classes": ""
    },
    "text-5": {
      "title": "Custom HTML",
      "text": "Lorem ipsum dolor sit amet, consectetur adipisicing elit, sed do eiusmod tempor incididunt ut labore et dolore magna aliqua.\r\nLorem ipsum dolor sit amet, consectetur adipisicing elit, sed do eiusmod tempor incididunt ut labore et dolore magna aliqua.",
      "filter": true,
      "classes": "font-size-13 line-height-24"
    }
  },
  "f-col-top": {
    "text-2": {
      "title": "",
      "text": "<a href=\"http:\/\/sebian.la-studioweb.com\/\"><img src=\"http:\/\/sebian.la-studioweb.com\/wp-content\/uploads\/2017\/04\/logo-white.png\" alt=\"Premium Multi-purpose Wordpress Theme\" srcset=\"http:\/\/sebian.la-studioweb.com\/wp-content\/uploads\/2017\/04\/logo-white@2x.png 2x\"><\/a>\r\n<div class=\"margin-top-40\"><img src=\"http:\/\/sebian.la-studioweb.com\/wp-content\/uploads\/2017\/04\/icon-anchor.png\" alt=\"\"\/><\/div>\r\n<div class=\"three-font-family font-size-13 margin-top-20\">Multipurpose E-Commerce Theme is suitable for furniture store, fashion shop, accessories, electric shop. We have included multiple layouts for home page to give you best selections in customization.<\/div>",
      "filter": false,
      "classes": "max-width-770 margin-left-auto margin-right-auto text-center"
    }
  },
  "f-col-1": {
    "nav_menu-2": {
      "title": "INFORMATION",
      "nav_menu": 83,
      "classes": ""
    }
  },
  "f-col-2": {
    "nav_menu-3": {
      "title": "MY ACCOUNT",
      "nav_menu": 84,
      "classes": ""
    }
  },
  "f-col-3": {
    "twitter_feed-2": {
      "title": "TWITTER",
      "screen_name": "lastudioweb",
      "number": "2",
      "enable_slider": "1",
      "classes": ""
    }
  },
  "f-col-4": {
    "text-3": {
      "title": "@INSTAGRAM",
      "text": "[la_instagram_feed sort_by=\"random\" limit=\"6\" hashtag=\"woocommerce\" column=\"xlg:3;lg:3;md:3;sm:3;xs:6;mb:3;\" el_class=\"grid-item-padding-20\"]",
      "filter": false,
      "classes": ""
    }
  }
}